Group ,Sub Group,Category,Sub category,Customer Type,Customer Segment,Program Code,Tag,Product (ชื่อทางการ),Product (ชื่อโครงการที่สาขาเข้าใจ),Program status (Normalized / Test),REMARK,CA Reommend (Display),Program Type,Allowed Channel,Allowed Area,Allowed Province,Allowed Branch,Disbursement Method,Allowed Refer Channel,Program Highlight,Collateral,Vehicle,Land Type,ประเภทเอกสารสิทธิ,Car Brand,Min Asset Age (Year),Max Asset Age (Year),Min Ownership Age (Day),Allowed รย.,Customer Type,Customer Segment,NCB Grade,Nationality,Min Customer Age (Year),Max Customer Age (Year),Required Guarantor,Required Field Check,Required Field Check Detail,Required NCB,Required Income Document,Min Amount,Max Amount,Min %LTV ,Max %LTV ,Min Tenor,Max Tenor,Interest Type,Min Interest (Year),Max Interest (Year),Min Interest (Month),Max Interest (Month),Form Template,Policy,,,,,,,,,,
HP,Secured Single Collateral,Term Loan,Motorcycle HP,Individual,Normal, ,,โครงการรถซื้อขายมือ1 (M Dealer) - Branch model (Model 1),M Dealer,Normalized,แยก model จาก User key & แยกจากมือ 1 มือ 2 กรรมสิทธิ์ในเล่ม,No,Dealer (New),Checker,All,All,All,โอนเงินให้ Dealer,Dealer, ,Motorcycle, , , ,"Honda, Yamaha",0,0,0,12,Individual,Normal,All,Thai,20,75,No,No, ,Yes,No,"4,000","250,000",-,100%,6,48,Flat,12.72%,13.44%,1.06%,1.12%, , ,,,,,,,,,,
HP,Secured Single Collateral,Term Loan,Motorcycle HP,Individual,Normal, ,,โครงการรถซื้อขายมือ1 (M Dealer) - Checker model (Model 3),M Dealer,Normalized,แยก model จาก User key & แยกจากมือ 1 มือ 2 กรรมสิทธิ์ในเล่ม,No,Dealer (New),Checker,All,All,All,โอนเงินให้ Dealer,Dealer, ,Motorcycle, , , ,"Honda, Yamaha",0,0,0,12,Individual,Normal,All,Thai,20,75,No,No, ,Yes,No,"4,000","250,000",-,100%,6,48,Flat,12.72%,13.44%,1.06%,1.12%, , ,<==,,,,,,,,,
HP,Secured Single Collateral,Term Loan,Motorcycle HP,Individual,Normal, ,,โครงการรถซื้อขายมือ2 (M Dealer) - Branch model (Model 1),M Dealer,Normalized,แยก model จาก User key & แยกจากมือ 1 มือ 2 กรรมสิทธิ์ในเล่ม,No,Dealer (Used),Checker,All,All,All,โอนเงินให้ Dealer,Dealer, ,Motorcycle, , , ,"Honda, Yamaha, Kawasaki, GPX, Suzuki",0,15,0,12,Individual,Normal,All,Thai,20,75,No,No, ,Yes,No,"4,000","250,000",-,110%,6,48,Flat,12.72%,13.44%,1.06%,1.12%, , ,,,,,,,,,,
HP,Secured Single Collateral,Term Loan,Motorcycle HP,Individual,Normal, ,,โครงการรถซื้อขายมือ2 (M Dealer) - Checker model (Model 3),M Dealer,Normalized,แยก model จาก User key & แยกจากมือ 1 มือ 2 กรรมสิทธิ์ในเล่ม,No,Dealer (Used),Checker,All,All,All,โอนเงินให้ Dealer,Dealer, ,Motorcycle, , , ,"Honda, Yamaha, Kawasaki, GPX, Suzuki",0,15,0,12,Individual,Normal,All,Thai,20,75,No,No, ,Yes,No,"4,000","250,000",-,110%,6,48,Flat,12.72%,13.44%,1.06%,1.12%, , ,,,,,,,,,,
Title loan,Secured Single Collateral,Term Loan,Motorcycle Loan,Individual,Normal, ,,โครงการ REFINANCE M - ความเสี่ยงสูง,โครงการ REFINANCE M,TEST,"ปรับอำนาจอนุมัติ 50K, High LTV",No,REFINANCE,Branch,All,All,All,เงินโอนให้ Finance และ ลูกค้า,Exclude Dealer, ,Motorcycle, , , ,All,0,0,0,"12, 17",Individual,Normal,All,Thai,20,75,No,No, ,Yes,No,"4,000","50,000",-,130%,12,30,Effective,24%,24%,1.13%,1.13%, , ,,,,,,,,,,
Title loan,Secured Single Collateral,TLC,Motorcycle Loan,Individual,Normal, ,,โครงการ REFINANCE M - ความเสี่ยงสูง,โครงการ REFINANCE M,TEST,"ปรับอำนาจอนุมัติ 50K, High LTV",No,REFINANCE,Branch,All,All,All,เงินโอนให้ Finance และ ลูกค้า,Exclude Dealer, ,Motorcycle, , , ,All,0,0,0,"12, 17",Individual,Normal,All,Thai,20,75,No,No, ,Yes,No,"4,000","50,000",-,130%,12,30,Effective,24%,24%,1.13%,1.13%, , ,,,,,,,,,,
Title loan,Secured Single Collateral,Term Loan,Motorcycle Loan,Individual,Normal, ,,โครงการ REFINANCE M,โครงการ REFINANCE M,Normalized, ,No,REFINANCE,Branch,All,All,All,เงินโอนให้ Finance และ ลูกค้า,Exclude Dealer, ,Motorcycle, , , ,All,0,0,0,"12, 17",Individual,Normal,All,Thai,20,75,No,No, ,Yes,No,"4,000","50,000",-,130%,12,30,Effective,24%,24%,1.13%,1.13%, , ,,,,,,,,,,
Title loan,Secured Single Collateral,TLC,Motorcycle Loan,Individual,Normal, ,,โครงการ REFINANCE M,โครงการ REFINANCE M,Normalized, ,No,REFINANCE,Branch,All,All,All,เงินโอนให้ Finance และ ลูกค้า,Exclude Dealer, ,Motorcycle, , , ,All,0,0,0,"12, 17",Individual,Normal,All,Thai,20,75,No,No, ,Yes,No,"4,000","50,000",-,130%,12,30,Effective,24%,24%,1.13%,1.13%, , ,,,,,,,,,,
Title loan,Secured Single Collateral,Term Loan,Motorcycle Loan,Individual,Normal, ,,"ผลิตภัณฑ์ไม่โอนเล่ม สำหรับกลุ่มคนที่บัตรประจำตัวขึ้นต้นด้วย 0,6 ",ผลิตภัณฑ์ไม่โอนเล่ม,Normalized, ,No,New,Branch,All,All,All,"เงินสด, เงินโอน",All, ,Motorcycle, , , ,All,0,20,45,12,Individual,Normal,All,Other,20,75,No,No, ,No,No,"4,000","28,000",-,100%,12,30,Effective,24%,24%,1.13%,1.13%, , ,,,,,,,,,,
Title loan,Secured Single Collateral,Term Loan,Motorcycle Loan,Individual,Normal, ,,โครงการ Top up Cross M - สัญญา Active รถมือสอง,โครงการ ปิดปรับข้าม Product M ,Normalized,สัญญาเดิมเป็นรถมือสอง,No,TOP UP,Branch,All,All,All,"เงินสด, เงินโอน",All, ,Motorcycle, , , ,All,0,20,0,"12, 17",Individual,Normal,All,Thai,20,75,No,No, ,Yes,No,"4,000","250,000",-,130%,12,30,Effective,24%,24%,1.13%,1.13%, , ,,,,,,,,,,
Title loan,Secured Single Collateral,TLC,Motorcycle Loan,Individual,Normal, ,,โครงการ Top up Cross M - สัญญา Active รถมือสอง,โครงการ ปิดปรับข้าม Product M ,Normalized,สัญญาเดิมเป็นรถมือสอง,No,TOP UP,Branch,All,All,All,"เงินสด, เงินโอน",All, ,Motorcycle, , , ,All,0,20,15,"12, 17",Individual,Normal,All,Thai,20,75,No,No, ,Yes,No,4000,"250,000",-,130%,18,30,Effective,24%,24%,1.13%,1.13%, , ,,,,,,,,,,
Title loan,Secured Single Collateral,Term Loan,Motorcycle Loan,Individual,Normal, ,,โครงการ Top up Cross M - สัญญา Active รถป้ายแดง,โครงการ ปิดปรับข้าม Product M ,TEST,สัญญาเดิมเป็นรถป้ายแดง,No,TOP UP,Branch,All,All,All,"เงินสด, เงินโอน",All, ,Motorcycle, , , ,All,0,20,0,"12, 17",Individual,Normal,All,Thai,20,75,No,No, ,Yes,No,"4,000","250,000",-,130%,12,30,Effective,24%,24%,1.13%,1.13%, , ,,,,,,,,,,
Title loan,Secured Single Collateral,TLC,Motorcycle Loan,Individual,Normal, ,,โครงการ Top up Cross M - สัญญา Active รถป้ายแดง,โครงการ ปิดปรับข้าม Product M ,TEST,สัญญาเดิมเป็นรถป้ายแดง,No,TOP UP,Branch,All,All,All,"เงินสด, เงินโอน",All, ,Motorcycle, , , ,All,0,20,15,"12, 17",Individual,Normal,All,Thai,20,75,No,No, ,Yes,No,4000,"250,000",-,130%,18,30,Effective,24%,24%,1.13%,1.13%, , ,,,,,,,,,,
Title loan,Secured Single Collateral,Term Loan,Motorcycle Loan,Individual,Normal, ,,โครงการ Top up Cross M - สัญญา Closed รถมือสอง & รถป้ายแดง,โครงการ ปิดปรับข้าม Product M ,TEST,สัญญาเดิมเป็นรถมือสอง & ป้ายแดง,No,TOP UP,Branch,All,All,All,"เงินสด, เงินโอน",All, ,Motorcycle, , , ,All,0,20,0,"12, 17",Individual,Normal,All,Thai,20,75,No,No, ,Yes,No,"4,000","250,000",-,130%,12,30,Effective,24%,24%,1.13%,1.13%, , ,,,,,,,,,,
Title loan,Secured Single Collateral,TLC,Motorcycle Loan,Individual,Normal, ,,โครงการ Top up Cross M - สัญญา Closed รถมือสอง & รถป้ายแดง,โครงการ ปิดปรับข้าม Product M ,TEST,สัญญาเดิมเป็นรถมือสอง & ป้ายแดง,No,TOP UP,Branch,All,All,All,"เงินสด, เงินโอน",All, ,Motorcycle, , , ,All,0,20,15,"12, 17",Individual,Normal,All,Thai,20,75,No,No, ,Yes,No,4000,"250,000",-,130%,18,30,Effective,24%,24%,1.13%,1.13%, , ,,,,,,,,,,
Title loan,Secured Single Collateral,Term Loan,Motorcycle Loan,Individual,Normal, ,,โครงการอนุมัติง่าย LTV ต่ำ ,โครงการ Pawnshop M,Normalized,<=60%LTV,No,New,Branch,All,All,All,"เงินสด, เงินโอน",All, ,Motorcycle, , , ,All,0,20,0,"12, 17",Individual,Normal,All,Thai,20,75,No,No, ,Yes,No,"4,000","250,000",-,60%,12,30,Effective,24%,24%,1.13%,1.13%, , ,,,,,,,,,,
Title loan,Secured Single Collateral,Term Loan,Motorcycle Loan,Individual,Normal, ,,โครงการอนุมัติง่าย LTV ต่ำ ,โครงการ Pawnshop M,TEST,> 60-70%LTV,No,New,Branch,All,All,All,"เงินสด, เงินโอน",All, ,Motorcycle, , , ,All,0,20,0,"12, 17",Individual,Normal,All,Thai,20,75,No,No, ,Yes,No,"4,000","250,000",-,70%,12,30,Effective,24%,24%,1.13%,1.13%, , ,,,,,,,,,,
Title loan,Secured Single Collateral,TLC,Motorcycle Loan,Individual,Normal, ,,โครงการอนุมัติง่าย LTV ต่ำ ,โครงการ Pawnshop M,TEST,<=70%LTV,No,New,Branch,All,All,All,"เงินสด, เงินโอน",All, ,Motorcycle, , , ,All,0,20,0,"12, 17",Individual,Normal,All,Thai,20,75,No,No, ,Yes,No,"4,000","250,000",-,70%,12,30,Effective,24%,24%,1.13%,1.13%, , ,,,,,,,,,,
Title loan,Secured Single Collateral,TLC,Motorcycle Loan,Individual,Normal, ,,โครงการวงเงินสูง  สำหรับลูกค้าเกรดดี,โครงการ High LTV สำหรับบัตรติดล้อ,TEST,สูงสุด 130%LTV สำหรับเกรด A01-A04/U02,No,New,Branch,All,All,All,"เงินสด, เงินโอน",All, ,Motorcycle, , , ,All,0,20,0,"12, 17",Individual,Normal,All,Thai,20,75,No,No, ,Yes,No,"4,000","250,000",-,130%,12,30,Effective,24%,24%,1.13%,1.13%, , ,,,,,,,,,,
Title loan,Secured Single Collateral,Term Loan,Motorcycle Loan,Individual,Normal, ,,สินเชื่อทะเบียนรถจักรยานยนต์,จำนำทะเบียนรถจักรยานยนต์,Normalized, ,No,New,Branch,All,All,All,"เงินสด, เงินโอน",All, ,Motorcycle, , , ,All,0,20,0,"12, 17",Individual,Normal,All,Thai,20,75,No,No, ,Yes,No,"4,000","250,000",-,130%,12,30,Effective,24%,24%,1.13%,1.13%, , ,,,,,,,,,,
Title loan,Secured Single Collateral,TLC,Motorcycle Loan,Individual,Normal, ,,สินเชื่อทะเบียนรถจักรยานยนต์,จำนำทะเบียนรถจักรยานยนต์,Normalized, ,No,New,Branch,All,All,All,"เงินสด, เงินโอน",All, ,Motorcycle, , , ,All,0,20,15,"12, 17",Individual,Normal,All,Thai,20,75,No,No, ,Yes,No,"4,000","250,000",-,130%,18,30,Effective,24%,24%,1.13%,1.13%, , ,,,,,,,,,,
HP,Secured Single Collateral,Term Loan,Motorcycle HP,Juristic,Normal, ,,สินเชื่อทะเบียนรถจักรยานยนต์ แบบโอนเล่ม,จำนำทะเบียนรถจักรยานยนต์,Normalized, ,No,New,Branch,All,All,All,"เงินสด, เงินโอน",All, ,Motorcycle, , , ,All,0,20,0,17,Juristic,Normal,All,Thai,20,75,No,No, ,Yes,No,"4,000","250,000",-,100%,12,30,Flat,12.72%,13.44%,1.06%,1.12%, , ,<==,,,,,,,,,
Title loan,Secured Single Collateral,Term Loan,Motorcycle Loan,Individual,Normal, ,,สินเชื่อทะเบียนรถจักรยานยนต์ - TOP UP,จำนำทะเบียนรถจักรยานยนต์,Normalized, ,No,TOP UP,Branch,All,All,All,"เงินสด, เงินโอน",All, ,Motorcycle, , , ,All,0,20,0,"12, 17",Individual,Normal,All,Thai,20,75,No,No, ,Yes,No,"4,000","250,000",-,130%,12,30,Effective,24%,24%,1.13%,1.13%, , ,,,,,,,,,,
Title loan,Secured Single Collateral,TLC,Motorcycle Loan,Individual,Normal, ,,สินเชื่อทะเบียนรถจักรยานยนต์ - TOP UP,จำนำทะเบียนรถจักรยานยนต์,Normalized, ,No,TOP UP,Branch,All,All,All,"เงินสด, เงินโอน",All, ,Motorcycle, , , ,All,0,20,15,"12, 17",Individual,Normal,All,Thai,20,75,No,No, ,Yes,No,"4,000","250,000",-,130%,18,30,Effective,24%,24%,1.13%,1.13%, , ,,,,,,,,,,
