Group ,Sub Group,Category,Sub category,Customer Type,Customer Segment,Program Code,Tag,Product (ชื่อทางการ),Product (ชื่อโครงการที่สาขาเข้าใจ),Program status (Normalized / Test),REMARK,CA Reommend (Display),Program Type,Allowed Channel,Allowed Area,Allowed Province,Allowed Branch,Disbursement Method,Allowed Refer Channel,Program Highlight,Collateral,Vehicle,Land Type,ประเภทเอกสารสิทธิ,Car Brand,Min Asset Age (Year),Max Asset Age (Year),Min Ownership Age (Day),Allowed รย.,Customer Type,Customer Segment,NCB Grade,Nationality,Min Customer Age (Year),Max Customer Age (Year),Required Guarantor,Required Field Check,Required Field Check Detail,Required NCB,Required Income Document,Min Amount,Max Amount,Min %LTV ,Max %LTV ,Min Tenor,Max Tenor,Interest Type,Min Interest (Year),Max Interest (Year),Min Interest (Month),Max Interest (Month),Form Template,Policy,,,,,
Title loan,Secured Single Collateral,Term Loan,Car Loan,Individual - SME,SME, ,,ผลิตภัณฑ์ไม่โอนเล่ม ความเสี่ยงต่ำ ,ผลิตภัณฑ์ไม่โอนเล่ม ความเสี่ยงต่ำ ,TEST, ,No,NEW,Branch,All,All,All,"เงินโอน, เงินสด, Promptpay",All, ,Car, , , ,All,-,22,0,"1,2,3,18",Individual - SME,SME,"A01,A02",THAI,20,70,No,No, ,Yes,Yes,"100,000","2,000,000",-,92%,6,60,Effective,9.00%,15.00%,0.42%,0.70%, , ,,,,,
Title loan,Secured Single Collateral,Term Loan,Car Loan,Individual - SME,SME, ,,ผลิตภัณฑ์ไม่โอนเล่ม ความเสี่ยงปกติ,ผลิตภัณฑ์ไม่โอนเล่ม ความเสี่ยงปกติ,TEST, ,No,NEW,Branch,All,All,All,"เงินโอน, เงินสด, Promptpay",All, ,Car, , , ,All,-,22,0,"1,2,3,18",Individual - SME,SME,All,THAI,20,70,No,No, ,Yes,No,"10,000","500,000",-,80%,6,60,Effective,9.00%,15.00%,0.42%,0.70%, , ,,,,,
Title loan,Secured Single Collateral,Term Loan,Car Loan,Individual - SME,SME, ,,ผลิตภัณฑ์ไม่โอนเล่ม ความเสี่ยงต่ำ - TOPUP,ผลิตภัณฑ์ไม่โอนเล่ม ความเสี่ยงต่ำ  - TOPUP,TEST, ,No,TOPUP,Branch,All,All,All,"เงินโอน, เงินสด, Promptpay",All, ,Car, , , ,All,-,22,0,"1,2,3,18",Individual - SME,SME,"A01,A02",THAI,20,70,No,No, ,Yes,Yes,"100,000","2,000,000",-,160%,6,60,Effective,9.00%,15.00%,0.42%,0.70%, , ,,,,,
Title loan,Secured Single Collateral,Term Loan,Car Loan,Individual - SME,SME, ,,ผลิตภัณฑ์ไม่โอนเล่ม ความเสี่ยงปกติ- TOPUP,ผลิตภัณฑ์ไม่โอนเล่ม ความเสี่ยงปกติ - TOPUP,TEST, ,No,TOPUP,Branch,All,All,All,"เงินโอน, เงินสด, Promptpay",All, ,Car, , , ,All,-,22,0,"1,2,3,18",Individual - SME,SME,All,THAI,20,70,No,No, ,Yes,No,"10,000","500,000",-,130%,6,60,Effective,9.00%,15.00%,0.42%,0.70%, , ,,,,,
Title loan,Secured Single Collateral,Term Loan,Car Loan,Individual - SME,SME, ,,ผลิตภัณฑ์ไม่โอนเล่ม ความเสี่ยงต่ำ  - REFINANCE,ผลิตภัณฑ์ไม่โอนเล่ม ความเสี่ยงต่ำ  - REFINANCE,TEST, ,No,REFINANCE,Branch,All,All,All,"เงินโอน, เงินสด, Promptpay, จ่ายเช็คไฟแนนซ์อื่น, โอนไฟแนนซ์อื่น, เงินสดให้ไฟแนนซ์อื่น",All, ,Car, , , ,All,-,22,0,"1,2,3,18",Individual - SME,SME,"A01,A02",THAI,20,70,No,No, ,Yes,Yes,"100,000","2,000,000",-,92%,6,60,Effective,9.00%,15.00%,0.42%,0.70%, , ,,,,,
Title loan,Secured Single Collateral,Term Loan,Car Loan,Individual - SME,SME, ,,ผลิตภัณฑ์ไม่โอนเล่ม ความเสี่ยงปกติ - REFINANCE,ผลิตภัณฑ์ไม่โอนเล่ม ความเสี่ยงปกติ - REFINANCE,TEST, ,No,REFINANCE,Branch,All,All,All,"เงินโอน, เงินสด, Promptpay, จ่ายเช็คไฟแนนซ์อื่น, โอนไฟแนนซ์อื่น, เงินสดให้ไฟแนนซ์อื่น",All, ,Car, , , ,All,-,22,0,"1,2,3,18",Individual - SME,SME,All,THAI,20,70,No,No, ,Yes,No,"10,000","500,000",-,80%,6,60,Effective,9.00%,15.00%,0.42%,0.70%, , ,,,,,
Title loan,Secured Single Collateral,Term Loan,Car Loan,Individual,Normal, ,"ดอกถูก, นอกอำนาจ",ผลิตภัณฑ์ไม่โอนเล่ม ความเสี่ยงต่ำ ,ผลิตภัณฑ์ไม่โอนเล่ม ความเสี่ยงต่ำ ,Normalized, ,No,NEW,Branch,All,All,All,"เงินโอน, เงินสด, Promptpay",All, ,Car, , , ,All,-,22,0,"1,2,3,18",Individual,Normal,"A01,A02",THAI,20,70,No,No, ,Yes,Yes,"100,000","2,000,000",-,92%,6,60,Effective,13%,13%,0.60%,0.60%, , ,,,,,
Title loan,Secured Single Collateral,Term Loan,Car Loan,Individual,Normal, ,รับทุก Grade,ผลิตภัณฑ์ไม่โอนเล่ม ความเสี่ยงปกติ,ผลิตภัณฑ์ไม่โอนเล่ม ความเสี่ยงปกติ,Normalized, ,No,NEW,Branch,All,All,All,"เงินโอน, เงินสด, Promptpay",All, ,Car, , , ,All,-,22,0,"1,2,3,18",Individual,Normal,All,THAI,20,70,No,No, ,Yes,No,"10,000","500,000",-,80%,6,60,Effective,20%,24%,0.94%,1.13%, , ,,,,,
Title loan,Secured Single Collateral,Term Loan,Car Loan,Individual,Normal, ,"ดอกถูก, นอกอำนาจ",โครงการวงเงินสูง ความเสี่ยงต่ำ เก๋ง กระบะ,โครงการวงเงินสูง ความเสี่ยงต่ำ เก๋ง กระบะ,TEST, ,No,NEW,Branch,All,All,All,"เงินโอน, เงินสด, Promptpay",All, ,Car, , , ,All,-,22,0,"1,2,3,18",Individual,Normal,"A01,A02",THAI,20,70,No,No, ,Yes,Yes,"100,000","2,000,000",92%,160%,6,60,Effective,13%,18%,0.60%,0.84%, , ,,,,,
Title loan,Secured Single Collateral,Term Loan,Car Loan,Individual,Normal, ,รับทุก Grade,โครงการวงเงินสูง ความเสี่ยงปกติ เก๋ง กระบะ,โครงการวงเงินสูง ความเสี่ยงปกติ เก๋ง กระบะ,TEST, ,No,NEW,Branch,All,All,All,"เงินโอน, เงินสด, Promptpay",All, ,Car, , , ,All,-,22,0,"1,2,3,18",Individual,Normal,All,THAI,20,70,No,No, ,Yes,No,"10,000","500,000",80%,130%,6,60,Effective,20%,24%,0.94%,1.13%, , ,,,,,
Title loan,Secured Single Collateral,Term Loan,Car Loan,Individual,Normal, ,"ดอกถูก, รวมยอดหนี้",โครงการรวมยอดหนี้ เก๋ง กระบะ,โครงการรวมยอดหนี้ เก๋ง กระบะ,TEST, ,No,NEW,Branch,All,All,All,"เงินโอน, เงินสด, Promptpay, จ่ายเช็คไฟแนนซ์อื่น, โอนไฟแนนซ์อื่น",All, ,Car, , , ,All,-,22,0,"1,2,3,18",Individual,Normal,"A01,A02",THAI,20,70,No,No, ,Yes,Yes,"100,000","2,000,000",-,160%,6,60,Effective,12%,17%,0.56%,0.79%, , ,,,,,
Title loan,Secured Single Collateral,Term Loan,Car Loan,Individual,Normal, ,,โครงการอนุมัติเงิ่อนไขพิเศษ (Y88) สำหรับผู้จัดการพื้นที่ เก๋ง กระบะ,เก๋ง กระบะ Y88,Normalized, ,No,NEW,Branch,All,All,All,"เงินโอน, เงินสด, Promptpay",All, ,Car, , , ,All,-,22,0,"1,2,3,18",Individual,Normal,All,THAI,20,70,No,No, ,Yes,No,"10,000","500,000",-,90%,6,60,Effective,20%,24%,0.94%,1.13%, , ,,,,,
Title loan,Secured Single Collateral,Term Loan,Car Loan,Individual,Normal, ,"อนุมัติไว, LTV 70%",โครงการอนุมัติง่าย LTV ต่ำ เก๋ง กระบะ,โครงการอนุมัติง่าย LTV ต่ำ เก๋ง กระบะ,TEST,A01 - A03 > 60%LTV,No,NEW,Branch,All,All,All,"เงินโอน, เงินสด, Promptpay",All, ,Car, , , ,All,-,22,0,"1,2,3,18",Individual,Normal,A01-A03,THAI,20,70,No,No, ,Yes,No,"10,000","500,000",-,70%,6,60,Effective,20%,24%,0.94%,1.13%, , ,,,,,
Title loan,Secured Single Collateral,Term Loan,Car Loan,Individual,Normal, ,"อนุมัติไว, LTV 60%",โครงการอนุมัติง่าย LTV ต่ำ เก๋ง กระบะ,โครงการอนุมัติง่าย LTV ต่ำ เก๋ง กระบะ,Normalized,ไม่เกิน 60%LTV,No,NEW,Branch,All,All,All,"เงินโอน, เงินสด, Promptpay",All, ,Car, , , ,All,-,22,0,"1,2,3,18",Individual,Normal,Non A01-A03,THAI,20,70,No,No, ,Yes,No,"10,000","500,000",-,60%,6,60,Effective,21%,24%,0.98%,1.13%, , ,,,,,
Title loan,Secured Single Collateral,Term Loan,Car Loan,Individual,Normal, ,,โปรแกรมดอกเบี้ยพิเศษ กลุ่มลูกค้า เสี่ยงต่ำ Special Top up เก๋ง กระบะ,ลดดอกเบี้ย special top up,PROMOTION,ถึงสิ้นปี 26,No,TOPUP,Branch,All,All,All,"เงินโอน, เงินสด, Promptpay",All, ,Car, , , ,All,-,22,0,"1,2,3,18",Individual,Normal,All,THAI,20,70,No,No, ,Yes,No,"100,000","2,000,000",-,160%,6,60,Effective,12%,18%,0.56%,0.84%, , ,,,,,
Title loan,Secured Single Collateral,Term Loan,Car Loan,Individual,Normal, ,,โปรแกรมดอกเบี้ยพิเศษ กลุ่มลูกค้าเสี่ยงปกติ Special Top up เก๋ง กระบะ,ลดดอกเบี้ย special top up,PROMOTION, ,No,TOPUP,Branch,All,All,All,"เงินโอน, เงินสด, Promptpay",All, ,Car, , , ,All,-,22,0,"1,2,3,18",Individual,Normal,All,THAI,20,70,No,No, ,Yes,No,"10,000","500,000",-,130%,6,60,Effective,18%,24%,0.84%,1.13%, , ,,,,,
Title loan,Secured Single Collateral,Term Loan,Car Loan,Individual,Normal, ,,ผลิตภัณฑ์ไม่โอนเล่ม ความเสี่ยงต่ำ - TOPUP,ผลิตภัณฑ์ไม่โอนเล่ม ความเสี่ยงต่ำ  - TOPUP,Normalized, ,No,TOPUP,Branch,All,All,All,"เงินโอน, เงินสด, Promptpay",All, ,Car, , , ,All,-,22,0,"1,2,3,18",Individual,Normal,"A01,A02",THAI,20,70,No,No, ,Yes,Yes,"100,000","2,000,000",-,160%,6,60,Effective,13%,18%,0.60%,0.84%, , ,,,,,
Title loan,Secured Single Collateral,Term Loan,Car Loan,Individual,Normal, ,,ผลิตภัณฑ์ไม่โอนเล่ม ความเสี่ยงปกติ- TOPUP,ผลิตภัณฑ์ไม่โอนเล่ม ความเสี่ยงปกติ - TOPUP,Normalized, ,No,TOPUP,Branch,All,All,All,"เงินโอน, เงินสด, Promptpay",All, ,Car, , , ,All,-,22,0,"1,2,3,18",Individual,Normal,All,THAI,20,70,No,No, ,Yes,No,"10,000","500,000",-,130%,6,60,Effective,20%,24%,0.94%,1.13%, , ,,,,,
Title loan,Secured Single Collateral,Term Loan,Car Loan,Individual,Normal, ,,โครงการรวมยอดหนี้ เก๋ง กระบะ- TOPUP,โครงการรวมยอดหนี้ เก๋ง กระบะ - TOPUP,TEST, ,No,TOPUP,Branch,All,All,All,"เงินโอน, เงินสด, Promptpay, จ่ายเช็คไฟแนนซ์อื่น, โอนไฟแนนซ์อื่น",All, ,Car, , , ,All,-,22,0,"1,2,3,18",Individual,Normal,"A01,A02",THAI,20,70,No,No, ,Yes,Yes,"100,000","2,000,000",-,160%,6,60,Effective,12%,17%,0.56%,0.79%, , ,,,,,
Title loan,Secured Single Collateral,Term Loan,Car Loan,Individual,Normal, ,,โครงการอนุมัติเงิ่อนไขพิเศษ (Y88) สำหรับผู้จัดการพื้นที่ เก๋ง กระบะ- TOPUP,เก๋ง กระบะ Y88 - TOPUP,Normalized, ,No,TOPUP,Branch,All,All,All,"เงินโอน, เงินสด, Promptpay, จ่ายเช็คไฟแนนซ์อื่น, โอนไฟแนนซ์อื่น",All, ,Car, , , ,All,-,22,0,"1,2,3,18",Individual,Normal,All,THAI,20,70,No,No, ,Yes,No,"10,000","500,000",-,90%,6,60,Effective,20%,24%,0.94%,1.13%, , ,,,,,
Title loan,Secured Single Collateral,Term Loan,Car Loan,Individual,Normal, ,,ผลิตภัณฑ์ไม่โอนเล่ม ความเสี่ยงต่ำ  - REFINANCE,ผลิตภัณฑ์ไม่โอนเล่ม ความเสี่ยงต่ำ  - REFINANCE,Normalized, ,No,REFINANCE,Branch,All,All,All,"เงินโอน, เงินสด, Promptpay, จ่ายเช็คไฟแนนซ์อื่น, โอนไฟแนนซ์อื่น, เงินสดให้ไฟแนนซ์อื่น",All, ,Car, , , ,All,-,22,0,"1,2,3,18",Individual,Normal,"A01,A02",THAI,20,70,No,No, ,Yes,Yes,"100,000","2,000,000",-,92%,6,60,Effective,13%,13%,0.60%,0.60%, , ,,,,,
Title loan,Secured Single Collateral,Term Loan,Car Loan,Individual,Normal, ,,ผลิตภัณฑ์ไม่โอนเล่ม ความเสี่ยงปกติ - REFINANCE,ผลิตภัณฑ์ไม่โอนเล่ม ความเสี่ยงปกติ - REFINANCE,Normalized, ,No,REFINANCE,Branch,All,All,All,"เงินโอน, เงินสด, Promptpay, จ่ายเช็คไฟแนนซ์อื่น, โอนไฟแนนซ์อื่น, เงินสดให้ไฟแนนซ์อื่น",All, ,Car, , , ,All,-,22,0,"1,2,3,18",Individual,Normal,All,THAI,20,70,No,No, ,Yes,No,"10,000","500,000",-,80%,6,60,Effective,20%,24%,0.94%,1.13%, , ,,,,,
Title loan,Secured Single Collateral,Term Loan,Car Loan,Individual,Normal, ,,โครงการวงเงินสูง ความเสี่ยงต่ำ เก๋ง กระบะ - REFINANCE,โครงการวงเงินสูง ความเสี่ยงต่ำ เก๋ง กระบะ - REFINANCE,TEST, ,No,REFINANCE,Branch,All,All,All,"เงินโอน, เงินสด, Promptpay, จ่ายเช็คไฟแนนซ์อื่น, โอนไฟแนนซ์อื่น, เงินสดให้ไฟแนนซ์อื่น",All, ,Car, , , ,All,-,22,0,"1,2,3,18",Individual,Normal,"A01,A02",THAI,20,70,No,No, ,Yes,Yes,"100,000","2,000,000",92%,160%,6,60,Effective,13%,18%,0.60%,0.84%, , ,,,,,
Title loan,Secured Single Collateral,Term Loan,Car Loan,Individual,Normal, ,,โครงการวงเงินสูง ความเสี่ยงปกติ เก๋ง กระบะ - REFINANCE,โครงการวงเงินสูง ความเสี่ยงปกติ เก๋ง กระบะ - REFINANCE,TEST, ,No,REFINANCE,Branch,All,All,All,"เงินโอน, เงินสด, Promptpay, จ่ายเช็คไฟแนนซ์อื่น, โอนไฟแนนซ์อื่น, เงินสดให้ไฟแนนซ์อื่น",All, ,Car, , , ,All,-,22,0,"1,2,3,18",Individual,Normal,All,THAI,20,70,No,No, ,Yes,No,"10,000","500,000",80%,130%,6,60,Effective,20%,24%,0.94%,1.13%, , ,,,,,
Title loan,Secured Single Collateral,Term Loan,Car Loan,Individual,Normal, ,,โครงการรวมยอดหนี้ เก๋ง กระบะ - REFINANCE,โครงการรวมยอดหนี้ เก๋ง กระบะ - REFINANCE,TEST, ,No,REFINANCE,Branch,All,All,All,"เงินโอน, เงินสด, Promptpay, จ่ายเช็คไฟแนนซ์อื่น, โอนไฟแนนซ์อื่น, เงินสดให้ไฟแนนซ์อื่น",All, ,Car, , , ,All,-,22,0,"1,2,3,18",Individual,Normal,"A01,A02",THAI,20,70,No,No, ,Yes,Yes,"100,000","2,000,000",-,160%,6,60,Effective,12%,17%,0.56%,0.79%, , ,,,,,
Title loan,Secured Single Collateral,Term Loan,Car Loan,Individual,Normal, ,,โครงการอนุมัติเงิ่อนไขพิเศษ (Y88) สำหรับผู้จัดการพื้นที่ เก๋ง กระบะ - REFINANCE,เก๋ง กระบะ Y88 - REFINANCE,Normalized, ,No,REFINANCE,Branch,All,All,All,"เงินโอน, เงินสด, Promptpay, จ่ายเช็คไฟแนนซ์อื่น, โอนไฟแนนซ์อื่น, เงินสดให้ไฟแนนซ์อื่น",All, ,Car, , , ,All,-,22,0,"1,2,3,18",Individual,Normal,All,THAI,20,70,No,No, ,Yes,No,"10,000","500,000",-,90%,6,60,Effective,20%,24%,0.94%,1.13%, , ,,,,,
Title loan,Secured Single Collateral,Term Loan,Car Loan,Individual,Normal, ,,โครงการอนุมัติง่าย LTV ต่ำ เก๋ง กระบะ - REFINANCE,โครงการอนุมัติง่าย LTV ต่ำ เก๋ง กระบะ - REFINANCE,TEST,A01 - A03 > 60%LTV,No,REFINANCE,Branch,All,All,All,"เงินโอน, เงินสด, Promptpay, จ่ายเช็คไฟแนนซ์อื่น, โอนไฟแนนซ์อื่น, เงินสดให้ไฟแนนซ์อื่น",All, ,Car, , , ,All,-,22,0,"1,2,3,18",Individual,Normal,A01-A03,THAI,20,70,No,No, ,Yes,No,"10,000","500,000",-,70%,6,60,Effective,20%,24%,0.94%,1.13%, , ,,,,,
Title loan,Secured Single Collateral,Term Loan,Car Loan,Individual,Normal, ,,โครงการอนุมัติง่าย LTV ต่ำ เก๋ง กระบะ - REFINANCE,โครงการอนุมัติง่าย LTV ต่ำ เก๋ง กระบะ - REFINANCE,Normalized,ไม่เกิน 60%LTV,No,REFINANCE,Branch,All,All,All,"เงินโอน, เงินสด, Promptpay, จ่ายเช็คไฟแนนซ์อื่น, โอนไฟแนนซ์อื่น, เงินสดให้ไฟแนนซ์อื่น",All, ,Car, , , ,All,-,22,0,"1,2,3,18",Individual,Normal,Non A01-A03,THAI,20,70,No,No, ,Yes,No,"10,000","500,000",-,60%,6,60,Effective,21%,24%,0.98%,1.13%, , ,,,,,
HP,Secured Single Collateral,Term Loan,Car HP,Juristic,Normal, ,,ผลิตภัณฑ์แบบโอนเล่ม เก๋ง กระบะ,ผลิตภัณฑ์แบบโอนเล่ม เก๋ง กระบะ,Normalized, ,No,NEW,Branch,All,All,All,เงินโอน,All, ,Car, , , ,All,-,22,0,"1,2,3,18",Juristic,Normal,All,THAI,1,-,Yes,Yes, ,Yes,Yes,200000,2000000,-,130%,6,60,FLAT,7.80%,24.60%,0.65%,2.05%, , ,,,,,
HP,Secured Single Collateral,Term Loan,Car HP,Juristic,Normal, ,,ผลิตภัณฑ์แบบโอนเล่ม เก๋ง กระบะ - REFINANCE,ผลิตภัณฑ์แบบโอนเล่ม เก๋ง กระบะ - REFINANCE,Normalized, ,No,REFINANCE,Branch,All,All,All,"เงินโอน, จ่ายเช็คไฟแนนซ์อื่น, โอนไฟแนนซ์อื่น, เงินสดให้ไฟแนนซ์อื่น",All, ,Car, , , ,All,-,22,0,"1,2,3,18",Juristic,Normal,All,THAI,1,-,Yes,Yes, ,Yes,Yes,200000,2000000,-,130%,6,60,FLAT,7.80%,24.60%,0.65%,2.05%, , ,,,,,
HP,Secured Single Collateral,Term Loan,Car HP,Juristic,Normal, ,,ผลิตภัณฑ์แบบโอนเล่ม เก๋ง กระบะ - TOPUP,ผลิตภัณฑ์แบบโอนเล่ม เก๋ง กระบะ - TOPUP,Normalized, ,No,TOPUP,Branch,All,All,All,เงินโอน,All, ,Car, , , ,All,-,22,0,"1,2,3,18",Juristic,Normal,All,THAI,1,-,Yes,Yes, ,Yes,Yes,200000,2000000,-,130%,6,60,FLAT,7.80%,24.60%,0.65%,2.05%, , ,,,,,
HP,Secured Single Collateral,Term Loan,Car HP,Individual,Normal, ,,โครงการรถซื้อขายมือ2 C Dealer model 2,C Dealer,TEST, ,No,Dealer (Used),Checker,SO,SO,SO,โอนให้ dealer,All, ,Car, , , ,เฉพาะ รถที่มีใน ratebook on web dealer NTL, ,15,-,"1,3",Individual,Normal,"Not A05, U05, L05",THAI,21,65,No,Yes, ,Yes,No,10000,2000000,-,120%,6,72,FLAT,8.16%,8.76%,0.68%,0.73%, , ,,,,,
HP,Secured Single Collateral,Term Loan,Car HP,Juristic,Normal, ,,โครงการรถซื้อขายมือ2 C Dealer model 2,C Dealer,TEST, ,No,Dealer (Used),Checker,SO,SO,SO,โอนให้ dealer,All, ,Car, , , ,เฉพาะ รถที่มีใน ratebook on web dealer NTL, ,15,-,"1,3",Juristic,Normal,"Not A05, U05, L05",THAI,21,65,Yes,Yes, ,Yes,Yes,10000,2000000,-,120%,6,72,FLAT,8.16%,8.76%,0.68%,0.73%, , ,,,,,
Title loan,Secured Single Collateral,TLC,Car Loan,Individual,Normal, ,"ดอกถูก, นอกอำนาจ, TLC",ผลิตภัณฑ์ไม่โอนเล่ม ความเสี่ยงต่ำ ,ผลิตภัณฑ์ไม่โอนเล่ม ความเสี่ยงต่ำ ,Normalized, ,No,NEW,Branch,All,All,All,"เงินโอน, เงินสด, Promptpay",All, ,Car, , , ,All,-,20,0,"1,2,3,18",Individual,Normal,"A01,A02",THAI,20,68,No,No, ,Yes,Yes,"100,000","500,000",-,92%,6,60,Effective,13%,13%,0.60%,0.60%, , ,,,,,
Title loan,Secured Single Collateral,TLC,Car Loan,Individual,Normal, ,"รับทุก Grade, TLC",ผลิตภัณฑ์ไม่โอนเล่ม ความเสี่ยงปกติ,ผลิตภัณฑ์ไม่โอนเล่ม ความเสี่ยงปกติ,Normalized, ,No,NEW,Branch,All,All,All,"เงินโอน, เงินสด, Promptpay",All, ,Car, , , ,All,-,20,0,"1,2,3,18",Individual,Normal,All,THAI,20,68,No,No, ,Yes,No,"20,000","500,000",-,80%,6,60,Effective,20%,24%,0.94%,1.13%, , ,,,,,
Title loan,Secured Single Collateral,TLC,Car Loan,Individual,Normal, ,"ดอกถูก, นอกอำนาจ, TLC",โครงการวงเงินสูง ความเสี่ยงต่ำ เก๋ง กระบะ,โครงการวงเงินสูง ความเสี่ยงต่ำ เก๋ง กระบะ,TEST, ,No,NEW,Branch,All,All,All,"เงินโอน, เงินสด, Promptpay",All, ,Car, , , ,All,-,20,0,"1,2,3,18",Individual,Normal,"A01,A02",THAI,20,68,No,No, ,Yes,Yes,"100,000","500,000",92%,160%,6,60,Effective,13%,18%,0.60%,0.84%, , ,,,,,
Title loan,Secured Single Collateral,TLC,Car Loan,Individual,Normal, ,"รับทุก Grade, TLC",โครงการวงเงินสูง ความเสี่ยงปกติ เก๋ง กระบะ,โครงการวงเงินสูง ความเสี่ยงปกติ เก๋ง กระบะ,TEST, ,No,NEW,Branch,All,All,All,"เงินโอน, เงินสด, Promptpay",All, ,Car, , , ,All,-,20,0,"1,2,3,18",Individual,Normal,All,THAI,20,68,No,No, ,Yes,No,"20,000","500,000",80%,130%,6,60,Effective,20%,24%,0.94%,1.13%, , ,,,,,
Title loan,Secured Single Collateral,TLC,Car Loan,Individual,Normal, ,,โครงการอนุมัติเงิ่อนไขพิเศษ (Y88) สำหรับผู้จัดการพื้นที่ เก๋ง กระบะ,เก๋ง กระบะ Y88,Normalized, ,No,NEW,Branch,All,All,All,"เงินโอน, เงินสด, Promptpay",All, ,Car, , , ,All,-,20,0,"1,2,3,18",Individual,Normal,All,THAI,20,68,No,No, ,Yes,No,"20,000","500,000",-,90%,6,60,Effective,20%,24%,0.94%,1.13%, , ,,,,,
Title loan,Secured Single Collateral,TLC,Car Loan,Individual,Normal, ,"อนุมัติไว, LTV 70%, TLC",โครงการอนุมัติง่าย LTV ต่ำ เก๋ง กระบะ,โครงการอนุมัติง่าย LTV ต่ำ เก๋ง กระบะ,TEST,A01 - A03 > 60%LTV,No,NEW,Branch,All,All,All,"เงินโอน, เงินสด, Promptpay",All, ,Car, , , ,All,-,20,0,"1,2,3,18",Individual,Normal,A01-A03,THAI,20,68,No,No, ,Yes,No,"20,000","500,000",-,70%,6,60,Effective,20%,24%,0.94%,1.13%, , ,,,,,
Title loan,Secured Single Collateral,TLC,Car Loan,Individual,Normal, ,"อนุมัติไว, LTV 60%, TLC",โครงการอนุมัติง่าย LTV ต่ำ เก๋ง กระบะ,โครงการอนุมัติง่าย LTV ต่ำ เก๋ง กระบะ,Normalized,ไม่เกิน 60%LTV,No,NEW,Branch,All,All,All,"เงินโอน, เงินสด, Promptpay",All, ,Car, , , ,All,-,20,0,"1,2,3,18",Individual,Normal,Non A01-A03,THAI,20,68,No,No, ,Yes,No,"20,000","500,000",-,60%,6,60,Effective,21%,24%,0.98%,1.13%, , ,,,,,
Title loan,Secured Single Collateral,TLC,Car Loan,Individual,Normal, ,,โปรแกรมดอกเบี้ยพิเศษ กลุ่มลูกค้า เสี่ยงต่ำ Special Top up เก๋ง กระบะ,ลดดอกเบี้ย special top up,PROMOTION,ถึงสิ้นปี 26,No,TOPUP,Branch,All,All,All,"เงินโอน, เงินสด, Promptpay",All, ,Car, , , ,All,-,20,0,"1,2,3,18",Individual,Normal,All,THAI,20,68,No,No, ,Yes,No,"100,000","500,000",-,160%,6,60,Effective,12%,18%,0.56%,0.84%, , ,,,,,
Title loan,Secured Single Collateral,TLC,Car Loan,Individual,Normal, ,,โปรแกรมดอกเบี้ยพิเศษ กลุ่มลูกค้าเสี่ยงปกติ Special Top up เก๋ง กระบะ,ลดดอกเบี้ย special top up,PROMOTION,ถึงสิ้นปี 26,No,TOPUP,Branch,All,All,All,"เงินโอน, เงินสด, Promptpay",All, ,Car, , , ,All,-,20,0,"1,2,3,18",Individual,Normal,All,THAI,20,68,No,No, ,Yes,No,"20,000","500,000",-,130%,6,60,Effective,18%,24%,0.84%,1.13%, , ,,,,,
Title loan,Secured Single Collateral,TLC,Car Loan,Individual,Normal, ,,ผลิตภัณฑ์ไม่โอนเล่ม ความเสี่ยงต่ำ - TOPUP,ผลิตภัณฑ์ไม่โอนเล่ม ความเสี่ยงต่ำ  - TOPUP,Normalized, ,No,TOPUP,Branch,All,All,All,"เงินโอน, เงินสด, Promptpay",All, ,Car, , , ,All,-,20,0,"1,2,3,18",Individual,Normal,"A01,A02",THAI,20,68,No,No, ,Yes,No,100000,"500,000", , , , ,Effective, , , , , , ,,,,,
Title loan,Secured Single Collateral,TLC,Car Loan,Individual,Normal, ,,ผลิตภัณฑ์ไม่โอนเล่ม ความเสี่ยงปกติ- TOPUP,ผลิตภัณฑ์ไม่โอนเล่ม ความเสี่ยงปกติ - TOPUP,Normalized, ,No,TOPUP,Branch,All,All,All,"เงินโอน, เงินสด, Promptpay",All, ,Car, , , ,All,-,20,0,"1,2,3,18",Individual,Normal,All,THAI,20,68,No,No, ,Yes,No,20000,"500,000", , , , ,Effective, , , , , , ,,,,,
Title loan,Secured Single Collateral,TLC,Car Loan,Individual,Normal, ,,โครงการอนุมัติเงิ่อนไขพิเศษ (Y88) สำหรับผู้จัดการพื้นที่ เก๋ง กระบะ- TOPUP,เก๋ง กระบะ Y88 - TOPUP,Normalized, ,No,TOPUP,Branch,All,All,All,"เงินโอน, เงินสด, Promptpay, จ่ายเช็คไฟแนนซ์อื่น, โอนไฟแนนซ์อื่น",All, ,Car, , , ,All,-,20,0,"1,2,3,18",Individual,Normal,All,THAI,20,68,No,No, ,Yes,No,10000,"500,000",-,90%,6,60,Effective,20%,24%,0.94%,1.13%, , ,,,,,
Title loan,Secured Single Collateral,TLC,Car Loan,Individual,Normal, ,,ผลิตภัณฑ์ไม่โอนเล่ม ความเสี่ยงต่ำ  - REFINANCE,ผลิตภัณฑ์ไม่โอนเล่ม ความเสี่ยงต่ำ  - REFINANCE,Normalized, ,No,REFINANCE,Branch,All,All,All,"เงินโอน, เงินสด, Promptpay, จ่ายเช็คไฟแนนซ์อื่น, โอนไฟแนนซ์อื่น, เงินสดให้ไฟแนนซ์อื่น",All, ,Car, , , ,All,-,20,0,"1,2,3,18",Individual,Normal,"A01,A02",THAI,20,68,No,No, ,Yes,Yes,100000,"500,000",-,92%,6,60,Effective,13%,13%,0.60%,0.60%, , ,,,,,
Title loan,Secured Single Collateral,TLC,Car Loan,Individual,Normal, ,,ผลิตภัณฑ์ไม่โอนเล่ม ความเสี่ยงปกติ - REFINANCE,ผลิตภัณฑ์ไม่โอนเล่ม ความเสี่ยงปกติ - REFINANCE,Normalized, ,No,REFINANCE,Branch,All,All,All,"เงินโอน, เงินสด, Promptpay, จ่ายเช็คไฟแนนซ์อื่น, โอนไฟแนนซ์อื่น, เงินสดให้ไฟแนนซ์อื่น",All, ,Car, , , ,All,-,20,0,"1,2,3,18",Individual,Normal,All,THAI,20,68,No,No, ,Yes,No,10000,"500,000",-,80%,6,60,Effective,20%,24%,0.94%,1.13%, , ,,,,,
Title loan,Secured Single Collateral,TLC,Car Loan,Individual,Normal, ,,โครงการวงเงินสูง ความเสี่ยงต่ำ เก๋ง กระบะ - REFINANCE,โครงการวงเงินสูง ความเสี่ยงต่ำ เก๋ง กระบะ - REFINANCE,TEST, ,No,REFINANCE,Branch,All,All,All,"เงินโอน, เงินสด, Promptpay, จ่ายเช็คไฟแนนซ์อื่น, โอนไฟแนนซ์อื่น, เงินสดให้ไฟแนนซ์อื่น",All, ,Car, , , ,All,-,20,0,"1,2,3,18",Individual,Normal,"A01,A02",THAI,20,68,No,No, ,Yes,Yes,100000,"500,000",92%,160%,6,60,Effective,13%,18%,0.60%,0.84%, , ,,,,,
Title loan,Secured Single Collateral,TLC,Car Loan,Individual,Normal, ,,โครงการวงเงินสูง ความเสี่ยงปกติ เก๋ง กระบะ - REFINANCE,โครงการวงเงินสูง ความเสี่ยงปกติ เก๋ง กระบะ - REFINANCE,TEST, ,No,REFINANCE,Branch,All,All,All,"เงินโอน, เงินสด, Promptpay, จ่ายเช็คไฟแนนซ์อื่น, โอนไฟแนนซ์อื่น, เงินสดให้ไฟแนนซ์อื่น",All, ,Car, , , ,All,-,20,0,"1,2,3,18",Individual,Normal,All,THAI,20,68,No,No, ,Yes,No,10000,"500,000",80%,130%,6,60,Effective,20%,24%,0.94%,1.13%, , ,,,,,
Title loan,Secured Single Collateral,TLC,Car Loan,Individual,Normal, ,,โครงการอนุมัติเงิ่อนไขพิเศษ (Y88) สำหรับผู้จัดการพื้นที่ เก๋ง กระบะ - REFINANCE,เก๋ง กระบะ Y88 - REFINANCE,Normalized, ,No,REFINANCE,Branch,All,All,All,"เงินโอน, เงินสด, Promptpay, จ่ายเช็คไฟแนนซ์อื่น, โอนไฟแนนซ์อื่น, เงินสดให้ไฟแนนซ์อื่น",All, ,Car, , , ,All,-,20,0,"1,2,3,18",Individual,Normal,All,THAI,20,68,No,No, ,Yes,No,"10,000","500,000",-,90%,6,60,Effective,20%,24%,0.94%,1.13%, , ,,,,,
Title loan,Secured Single Collateral,TLC,Car Loan,Individual,Normal, ,,โครงการอนุมัติง่าย LTV ต่ำ เก๋ง กระบะ - REFINANCE,โครงการอนุมัติง่าย LTV ต่ำ เก๋ง กระบะ - REFINANCE,TEST,A01 - A03 > 60%LTV,No,REFINANCE,Branch,All,All,All,"เงินโอน, เงินสด, Promptpay, จ่ายเช็คไฟแนนซ์อื่น, โอนไฟแนนซ์อื่น, เงินสดให้ไฟแนนซ์อื่น",All, ,Car, , , ,All,-,20,0,"1,2,3,18",Individual,Normal,A01-A03,THAI,20,68,No,No, ,Yes,No,"10,000","500,000",-,70%,6,60,Effective,20%,24%,0.94%,1.13%, , ,,,,,
Title loan,Secured Single Collateral,TLC,Car Loan,Individual,Normal, ,,โครงการอนุมัติง่าย LTV ต่ำ เก๋ง กระบะ - REFINANCE,โครงการอนุมัติง่าย LTV ต่ำ เก๋ง กระบะ - REFINANCE,Normalized,ไม่เกิน 60%LTV,No,REFINANCE,Branch,All,All,All,"เงินโอน, เงินสด, Promptpay, จ่ายเช็คไฟแนนซ์อื่น, โอนไฟแนนซ์อื่น, เงินสดให้ไฟแนนซ์อื่น",All, ,Car, , , ,All,-,20,0,"1,2,3,18",Individual,Normal,Non A01-A03,THAI,20,68,No,No, ,Yes,No,"10,000","500,000",-,60%,6,60,Effective,21%,24%,0.98%,1.13%, , ,,,,,
HP,Secured Single Collateral,Term Loan,Car HP,Juristic,SME, ,,ผลิตภัณฑ์แบบโอนเล่ม เก๋ง กระบะ,ผลิตภัณฑ์แบบโอนเล่ม เก๋ง กระบะ,TEST, ,No,NEW,Branch,All,All,All,เงินโอน,All, ,Car, , , ,All,-,22,0,"1,2,3,18",Juristic,SME,All,THAI,1,-,Yes,Yes, ,Yes,Yes,"200,000","2,000,000",-,130%,6,60,FLAT,4.80%,8.52%,0.40%,0.71%, , ,,,,,
HP,Secured Single Collateral,Term Loan,Car HP,Juristic,SME, ,,ผลิตภัณฑ์แบบโอนเล่ม เก๋ง กระบะ - REFINANCE,ผลิตภัณฑ์แบบโอนเล่ม เก๋ง กระบะ - REFINANCE,TEST, ,No,REFINANCE,Branch,All,All,All,"เงินโอน, จ่ายเช็คไฟแนนซ์อื่น, โอนไฟแนนซ์อื่น, เงินสดให้ไฟแนนซ์อื่น",All, ,Car, , , ,All,-,22,0,"1,2,3,18",Juristic,SME,All,THAI,1,-,Yes,Yes, ,Yes,Yes,"200,000","2,000,000",-,130%,6,60,FLAT,4.80%,8.52%,0.40%,0.71%, , ,,,,,
HP,Secured Single Collateral,Term Loan,Car HP,Juristic,SME, ,,ผลิตภัณฑ์แบบโอนเล่ม เก๋ง กระบะ - TOPUP,ผลิตภัณฑ์แบบโอนเล่ม เก๋ง กระบะ - TOPUP,TEST, ,No,TOPUP,Branch,All,All,All,เงินโอน,All, ,Car, , , ,All,-,22,0,"1,2,3,18",Juristic,SME,All,THAI,1,-,Yes,Yes, ,Yes,Yes,"200,000","2,000,000",-,130%,6,60,FLAT,4.80%,8.52%,0.40%,0.71%, , ,,,,,
