Group ,Sub Group,Category,Sub category,Customer Type,Customer Segment,Program Code,Tag,Product (ชื่อทางการ),Product (ชื่อโครงการที่สาขาเข้าใจ),Program status (Normalized / Test),REMARK,CA Reommend (Display),Program Type,Allowed Channel,Allowed Area,Allowed Province,Allowed Branch,Disbursement Method,Allowed Refer Channel,Program Highlight,Collateral,Vehicle,Land Type,ประเภทเอกสารสิทธิ,Car Brand,Min Asset Age (Year),Max Asset Age (Year),Min Ownership Age (Day),Allowed รย.,Customer Type,Customer Segment,NCB Grade,Nationality,Min Customer Age (Year),Max Customer Age (Year),Required Guarantor,Required Field Check,Required Field Check Detail,Required NCB,Required Income Document,Min Amount,Max Amount,Min %LTV ,Max %LTV ,Min Tenor,Max Tenor,Interest Type,Min Interest (Year),Max Interest (Year),Min Interest (Month),Max Interest (Month),Form Template,Policy
Title loan,Secured Single Collateral,Term Loan,Land Loan,Individual,Normal, ,,สินเชื่อเพื่อคนมีที่ดิน (จำนำ),ที่ดิน จำนำ,Normalized,"ยอดจัดไม่เกิน 200,000",no,new,all,all,all,all,โอนผ่านบัญชี / Promptpay,Y, ,Land, ,"ที่ดินเปล่า, ที่ดินพร้อมสิ่งปลูกสร้าง, คอนโด, ที่ดินตาบอด","นส4, นส3ก, อช2", ,No,No,No, ,Individual,Normal,Exclude L05,Thai,21,70,No,No, ,Yes,No,"10,000","200,000", ,70%,12,60,Effective,15%,15%,0.70%,0.70%, , 
Title loan,Secured Single Collateral,Term Loan,Land Loan,Individual,Normal, ,,สินเชื่อเพื่อคนมีที่ดิน (จำนำ),ที่ดิน จำนำ,TEST,"ยอดจัดเกิน 200,000 ไม่เกิน 300,000",no,new,all,all,all,all,โอนผ่านบัญชี / Promptpay,Y, ,Land, ,"ที่ดินเปล่า, ที่ดินพร้อมสิ่งปลูกสร้าง, คอนโด","นส4, นส3ก, อช2", ,No,No,No, ,Individual,Normal,A01-A03,Thai,21,70,No,No, ,Yes,No,"200,001","300,000", ,70%,12,60,Effective,15%,15%,0.70%,0.70%, , 
Title loan,Secured Single Collateral,Term Loan,Land Loan,Individual,Normal, ,,สินเชื่อเพื่อคนมีที่ดิน - TOPUP (จำนำ) ,TOPUP ที่ดิน,TEST,"ยอดจัดไม่เกิน 200,000",no,Top up,all,all,all,all,โอนผ่านบัญชี / Promptpay,Y, ,Land, ,"ที่ดินเปล่า, ที่ดินพร้อมสิ่งปลูกสร้าง, คอนโด, ที่ดินตาบอด","นส4, นส3ก, อช2", ,No,No,No, ,Individual,Normal,All,Thai,21,70,No,No, ,No,No,"10,000","200,000", ,70%,12,60,Effective,15%,15%,0.70%,0.70%, , 
Title loan,Secured Single Collateral,Term Loan,Land Loan,Individual,Normal, ,,สินเชื่อเพื่อคนมีที่ดิน - TOPUP (จำนำ) ,TOPUP ที่ดิน,TEST,"ยอดจัดเกิน 200,000 ไม่เกิน 300,000",no,Top up,all,all,all,all,โอนผ่านบัญชี / Promptpay,Y, ,Land, ,"ที่ดินเปล่า, ที่ดินพร้อมสิ่งปลูกสร้าง, คอนโด","นส4, นส3ก, อช2", ,No,No,No, ,Individual,Normal,Exclude L05,Thai,21,70,No,No, ,Yes,No,"200,001","300,000", ,70%,12,60,Effective,15%,15%,0.70%,0.70%, , 
Title loan,Secured Single Collateral,Term Loan,Land Mortgage,Individual,Normal, ,,สินเชื่อเพื่อคนมีที่ดิน (จำนอง),ที่ดิน จำนอง,TEST, ,no,new,Walkin & MGM,all,all,all,โอนผ่านบัญชี / Promptpay,N, ,Land, ,"ที่ดินเปล่า, ที่ดินพร้อมสิ่งปลูกสร้าง, คอนโด","นส4, นส3ก, อช2, นส4(ใบแทน), นส3ก(ใบแทน), อช2(ใบแทน)", ,No,No,No, ,Individual,Normal,Exclude L05,Thai,21,70,No,No, ,Yes,No,"10,000","1,000,000", ,70%,12,84,Effective,15%,15%,0.70%,0.70%, , 
Title loan,Secured Single Collateral,Term Loan,Land Mortgage,Juristic - SME,SME, ,,สินเชื่อเพื่อคนมีที่ดิน (จำนอง),ที่ดิน จำนอง,TEST, ,no,new,Walkin & MGM,all,all,all,โอนผ่านบัญชี / Promptpay,N, ,Land, ,"ที่ดินเปล่า, ที่ดินพร้อมสิ่งปลูกสร้าง, คอนโด","นส4, นส3ก, อช2, นส4(ใบแทน), นส3ก(ใบแทน), อช2(ใบแทน)", ,No,No,No, ,Juristic - SME,SME,"Exclude L05, U05",Thai,3,no,Yes,Yes,สถานประกอบการ,Yes,Yes,"200,000","20,000,000",50%,95%,12,72,Effective,9%,15%,0.42%,0.70%, , 
Title loan,Secured Single Collateral,Term Loan,Land Mortgage,Individual - SME,SME, ,,สินเชื่อเพื่อคนมีที่ดิน (จำนอง),ที่ดิน จำนอง,TEST, ,no,new,Walkin & MGM,all,all,all,โอนผ่านบัญชี / Promptpay,N, ,Land, ,"ที่ดินเปล่า, ที่ดินพร้อมสิ่งปลูกสร้าง, คอนโด","นส4, นส3ก, อช2, นส4(ใบแทน), นส3ก(ใบแทน), อช2(ใบแทน)", ,No,No,No, ,Individual - SME,SME,"Exclude L05, U05",Thai,3,no,Yes,Yes,สถานประกอบการ,Yes,Yes,"200,000","20,000,000",50%,95%,12,72,Effective,9%,15%,0.42%,0.70%, , 
Title loan,Secured Single Collateral,TLC,Land Loan,Individual,Normal, ,,สินเชื่อเพื่อคนมีที่ดิน (จำนำ),ที่ดิน จำนำ,Normalized,"ยอดจัดไม่เกิน 200,000",no,new,all,all,all,all,โอนผ่านบัญชี / Promptpay,Y, ,Land, ,"ที่ดินเปล่า, ที่ดินพร้อมสิ่งปลูกสร้าง, คอนโด, ที่ดินตาบอด","นส4, นส3ก, อช2", ,No,No,No, ,Individual,Normal,Exclude L05,Thai,21,70,No,No, ,Yes,No,"10,000","200,000", ,70%,12,60,Effective,15%,15%,0.70%,0.70%, , 
Title loan,Secured Single Collateral,TLC,Land Loan,Individual,Normal, ,,สินเชื่อเพื่อคนมีที่ดิน (จำนำ),ที่ดิน จำนำ,TEST,"ยอดจัดเกิน 200,000 ไม่เกิน 300,000",no,new,all,all,all,all,โอนผ่านบัญชี / Promptpay,Y, ,Land, ,"ที่ดินเปล่า, ที่ดินพร้อมสิ่งปลูกสร้าง, คอนโด","นส4, นส3ก, อช2", ,No,No,No, ,Individual,Normal,A01-A03,Thai,21,70,No,No, ,Yes,No,"200,001","300,000", ,70%,12,60,Effective,15%,15%,0.70%,0.70%, , 
Title loan,Secured Single Collateral,TLC,Land Loan,Individual,Normal, ,,สินเชื่อเพื่อคนมีที่ดิน - TOPUP (จำนำ) ,TOPUP ที่ดิน,TEST,"ยอดจัดไม่เกิน 200,000",no,Top up,all,all,all,all,โอนผ่านบัญชี / Promptpay,Y, ,Land, ,"ที่ดินเปล่า, ที่ดินพร้อมสิ่งปลูกสร้าง, คอนโด, ที่ดินตาบอด","นส4, นส3ก, อช2", ,No,No,No, ,Individual,Normal,All,Thai,21,70,No,No, ,No,No,"10,000","200,000", ,70%,12,60,Effective,15%,15%,0.70%,0.70%, , 
Title loan,Secured Single Collateral,TLC,Land Loan,Individual,Normal, ,,สินเชื่อเพื่อคนมีที่ดิน - TOPUP (จำนำ) ,TOPUP ที่ดิน,TEST,"ยอดจัดเกิน 200,000 ไม่เกิน 300,000",no,Top up,all,all,all,all,โอนผ่านบัญชี / Promptpay,Y, ,Land, ,"ที่ดินเปล่า, ที่ดินพร้อมสิ่งปลูกสร้าง, คอนโด","นส4, นส3ก, อช2", ,No,No,No, ,Individual,Normal,Exclude L05,Thai,21,70,No,No, ,Yes,No,"200,001","300,000", ,70%,12,60,Effective,15%,15%,0.70%,0.70%, , 
